{"data_collection":{"output_data_root_path":"./../GC_data_stable","is_pos_dir":true,"is_neg_dir":true,"sample_num":10,"steady_time":0.5,"joint6":{"init_joint_range":[0,0,0,0,0,0,0],"Train_Joint_No":6,"train_angle_max":40,"train_angle_min":-40,"train_angle_delta":2,"Theta_Joint_No":5,"theta_angle_max":90,"theta_angle_min":-90,"theta_angle_delta":30},"joint5":{"init_joint_range":[0,0,0,0,0,0,0],"Train_Joint_No":5,"train_angle_max":175,"train_angle_min":-85,"train_angle_delta":6,"Theta_Joint_No":3,"theta_angle_max":29,"theta_angle_min":-10,"theta_angle_delta":5},"joint4":{"init_joint_range":[0,0,0,0,90,0,0],"Train_Joint_No":4,"train_angle_max":{"MTML":80,"MTMR":190},"train_angle_min":{"MTML":-190,"MTMR":-80},"train_angle_delta":6,"Theta_Joint_No":3,"theta_angle_max":20,"theta_angle_min":-10,"theta_angle_delta":5},"joint3":{"init_joint_range":{"MTML":[28,0,0,0,90,0,0],"MTMR":[-28,0,0,0,90,0,0]},"Train_Joint_No":3,"train_angle_max":34,"train_angle_min":-34,"train_angle_delta":1,"Theta_Joint_No":2,"theta_angle_max":21,"theta_angle_min":-14,"theta_angle_delta":2,"couple_upper_limit":41,"couple_lower_limit":-11},"joint2":{"init_joint_range":[0,0,0,0,90,0,0],"Train_Joint_No":2,"train_angle_max":45,"train_angle_min":-14,"train_angle_delta":1,"repeat_times":10},"joint1":{"init_joint_range":[0,0,0,0,90,0,0],"Train_Joint_No":1,"train_angle_max":{"MTML":40,"MTMR":36},"train_angle_min":{"MTML":-7,"MTMR":-56},"train_angle_delta":1,"repeat_times":10}},"ARM_NAME":"MTMR","SN":"28002","date_time":"January-30-2019-19:07:59"}